"","freq","zipcode","Perc"
"2",6979,"19401",17.26108033241
"3",6643,"19464",16.430055401662
"4",4854,"19403",12.0053423031262
"5",4748,"19446",11.7431737237831
"6",3174,"19406",7.85021764938662
"7",3050,"19002",7.54352987732489
"8",2990,"19468",7.39513256826276
"9",2781,"19454",6.87821527502968
"10",2635,"19090",6.51711515631183
"11",2578,"19038",6.37613771270281
